{
    "2": [
        0.298,
        0.22345610660473653
    ],
    "4": [
        0.36363636363636365,
        0.2079069872671478
    ],
    "8": [
        0.5142857142857142,
        0.07180352713571923
    ]
}