{
    "2": [
        0.49725274725274726,
        0.028044933271101136
    ],
    "4": [
        0.4972118959107807,
        0.028461958301154677
    ],
    "8": [
        0.5057471264367817,
        0.028886476433910055
    ]
}