{
    "2": [
        0.32975460122699385,
        0.1681438441184059
    ],
    "4": [
        0.35144927536231885,
        0.17562459809958658
    ],
    "8": [
        0.3181528662420382,
        0.18593438555138259
    ]
}