{
    "2": [
        0.346,
        0.08970125857240624
    ],
    "4": [
        0.42045454545454547,
        0.08358668172820027
    ],
    "8": [
        0.6271428571428571,
        0.0886587006373941
    ]
}