{
    "2": [
        0.5192307692307693,
        0.04666595240121169
    ],
    "4": [
        0.5319702602230483,
        0.04431356763800475
    ],
    "8": [
        0.5559386973180077,
        0.0579851995537649
    ]
}