{
    "2": [
        0.6430470347648262,
        0.09980828139022642
    ],
    "4": [
        0.7140786749482402,
        0.05592644462238205
    ],
    "8": [
        0.7315286624203822,
        0.04798921973217351
    ]
}