{
    "2": [
        0.479,
        0.10492603911427575
    ],
    "4": [
        0.5409090909090909,
        0.08586484012621207
    ],
    "8": [
        0.6638888888888889,
        0.08055807618560938
    ]
}