{
    "2": [
        0.5155677655677655,
        0.06495073563069331
    ],
    "4": [
        0.5355018587360595,
        0.0784199283837685
    ],
    "8": [
        0.5595785440613027,
        0.07292391892196379
    ]
}