{
    "2": [
        0.5850715746421268,
        0.13399369497490232
    ],
    "4": [
        0.6940993788819876,
        0.06618061294181278
    ],
    "8": [
        0.7127388535031847,
        0.06286984617068185
    ]
}