{
    "2": [
        0.49585119412124923,
        0.09515737261518273
    ],
    "4": [
        0.48948497854077255,
        0.09480219731605356
    ],
    "8": [
        0.5238322065150584,
        0.10167970689314428
    ]
}