{
    "2": [
        0.398,
        0.1551773179301666
    ],
    "4": [
        0.4022727272727273,
        0.13295173390884862
    ],
    "8": [
        0.4971428571428571,
        0.063143571594638
    ]
}