{
    "2": [
        0.5086342947607975,
        0.11030889782091804
    ],
    "4": [
        0.5523675226361883,
        0.09685530034004754
    ]
}