{
    "2": [
        0.4968864468864469,
        0.031650667717237076
    ],
    "4": [
        0.4966542750929368,
        0.03187410747619527
    ],
    "8": [
        0.4875478927203065,
        0.03309653438438314
    ]
}