{
    "2": [
        0.35224948875255624,
        0.12031712225723609
    ],
    "4": [
        0.3370600414078675,
        0.11354644642526623
    ],
    "8": [
        0.33959660297239913,
        0.1395632562662281
    ]
}