{
    "2": [
        0.5024769585253456,
        0.02489869840355903
    ],
    "4": [
        0.5016782407407407,
        0.017320350949867284
    ],
    "8": [
        0.5,
        0.017627579921549577
    ]
}