{
    "2": [
        0.4962186160440906,
        0.03523308965746039
    ],
    "4": [
        0.5183629675045984,
        0.0488680019615802
    ],
    "8": [
        0.5320835894283958,
        0.071548269104387
    ]
}