{
    "2": [
        0.423,
        0.12109587328359207
    ],
    "4": [
        0.44886363636363635,
        0.10213973277267908
    ],
    "8": [
        0.6342857142857142,
        0.05978838443206824
    ]
}