{
    "2": [
        0.557681937367041,
        0.12300496590393495
    ],
    "4": [
        0.6142410073722231,
        0.07509992687437751
    ],
    "8": [
        0.640323897659227,
        0.08584653690856216
    ]
}