{
    "2": [
        0.5104395604395604,
        0.06584055018077403
    ],
    "4": [
        0.5202602230483271,
        0.05501323298835945
    ],
    "8": [
        0.54272030651341,
        0.04230615257967612
    ]
}