{
    "2": [
        0.5508179959100205,
        0.10647242336244117
    ],
    "4": [
        0.6442028985507247,
        0.08593681550183192
    ],
    "8": [
        0.6774946921443736,
        0.03814136951936413
    ]
}