{
    "2": [
        0.660483870967742,
        0.08580566289239758
    ],
    "4": [
        0.7078703703703704,
        0.08962439118856469
    ],
    "8": [
        0.7057827102803739,
        0.08028941916904317
    ]
}