{
    "2": [
        0.5025872627066749,
        0.05519420464622787
    ],
    "4": [
        0.5007050889025138,
        0.06020443381497081
    ],
    "8": [
        0.5348494161032575,
        0.057344423266745215
    ]
}