{
    "2": [
        0.407,
        0.10765930668451043
    ],
    "4": [
        0.46136363636363636,
        0.12450423653506941
    ],
    "8": [
        0.6159235668789809,
        0.0724096526375608
    ]
}