{
    "2": [
        0.5656174244298224,
        0.11365391546197222
    ],
    "4": [
        0.5795297115432191,
        0.10611497457113082
    ],
    "8": [
        0.6126899094373237,
        0.08335662702394059
    ]
}