{
    "2": [
        0.5194139194139195,
        0.052702785274905496
    ],
    "4": [
        0.5314126394052044,
        0.05641017752946989
    ],
    "8": [
        0.5494252873563219,
        0.04907238430536103
    ]
}