{
    "2": [
        0.68963133640553,
        0.1260640108295674
    ],
    "4": [
        0.7458912037037038,
        0.08053275689987688
    ],
    "8": [
        0.7724299065420561,
        0.06394989859075752
    ]
}