{
    "2": [
        0.5058282208588957,
        0.1065943209240665
    ],
    "4": [
        0.6165631469979296,
        0.07782035584817232
    ],
    "8": [
        0.6159235668789809,
        0.0724096526375608
    ]
}