{
    "2": [
        0.49672382118799757,
        0.06184936498935561
    ],
    "4": [
        0.49118638871857756,
        0.05445258886631996
    ],
    "8": [
        0.4923939766441303,
        0.06886101311887081
    ]
}