{
    "2": [
        0.5286866359447004,
        0.039036344122231316
    ],
    "4": [
        0.532349537037037,
        0.02964522339947305
    ],
    "8": [
        0.539427570093458,
        0.02858256987454091
    ]
}