{
    "2": [
        0.5006730007917657,
        0.007276063429553542
    ],
    "4": [
        0.5011914217633042,
        0.0066504277832345705
    ],
    "8": [
        0.4974420463629097,
        0.007922185045284767
    ]
}