{
    "2": [
        0.5231169626454378,
        0.06368968179641274
    ],
    "4": [
        0.5260116492949111,
        0.055604509582109725
    ],
    "8": [
        0.5278272894898587,
        0.05248890261983606
    ]
}