{
    "2": [
        0.7782258064516129,
        0.04950954898462032
    ],
    "4": [
        0.8092592592592592,
        0.026373174247797695
    ],
    "8": [
        0.8232476635514019,
        0.01845607591710641
    ]
}