{
    "2": [
        0.5017022961203483,
        0.012242488567178874
    ],
    "4": [
        0.4994042891183479,
        0.009172323220022757
    ],
    "8": [
        0.5017585931254996,
        0.010936012013435317
    ]
}