{
    "2": [
        0.5143600734843846,
        0.04275754186259498
    ],
    "4": [
        0.5043838136112814,
        0.03803496523931455
    ],
    "8": [
        0.5084357713583282,
        0.03296578776421806
    ]
}