{
    "2": [
        0.6832373271889401,
        0.11526464438724632
    ],
    "4": [
        0.7456597222222222,
        0.056805349770697615
    ],
    "8": [
        0.7805490654205608,
        0.03243966788783375
    ]
}