{
    "2": [
        0.4991686460807601,
        0.01647953035546906
    ],
    "4": [
        0.5046465448768864,
        0.014025719652738312
    ],
    "8": [
        0.5021582733812949,
        0.013092775677660113
    ]
}