{
    "2": [
        0.3138998035363458,
        0.07840590268622091
    ],
    "4": [
        0.34073891625615765,
        0.10834622633704892
    ],
    "8": [
        0.37242319127849355,
        0.10900430418535377
    ]
}