{
    "2": [
        0.5016483516483516,
        0.029626979830210957
    ],
    "4": [
        0.503903345724907,
        0.029922034948697673
    ],
    "8": [
        0.4875478927203065,
        0.03309653438438314
    ]
}