{
    "2": [
        0.5110384615384616,
        0.015121793513113931
    ],
    "4": [
        0.5054783950617284,
        0.019819569881194484
    ],
    "8": [
        0.506832298136646,
        0.019439500207387838
    ]
}