{
    "2": [
        0.3619631901840491,
        0.13743535678166016
    ],
    "4": [
        0.3370600414078675,
        0.11354644642526623
    ],
    "8": [
        0.33959660297239913,
        0.1395632562662281
    ]
}