{
    "2": [
        0.3523575638506876,
        0.0633801454001612
    ],
    "4": [
        0.38578817733990145,
        0.055048027077735005
    ],
    "8": [
        0.4294846382556987,
        0.07558931828708221
    ]
}