{
    "2": [
        0.7302307692307692,
        0.1122833149740019
    ],
    "4": [
        0.7864969135802469,
        0.04083417685024855
    ],
    "8": [
        0.8112965838509316,
        0.03540332793286655
    ]
}