{
    "2": [
        0.3131139489194499,
        0.059581107666537306
    ],
    "4": [
        0.35339901477832514,
        0.05189322585147083
    ],
    "8": [
        0.3658820614469772,
        0.05161267434036963
    ]
}