{
    "2": [
        0.5043956043956044,
        0.0326354812069833
    ],
    "4": [
        0.49572490706319705,
        0.028189773097559254
    ],
    "8": [
        0.5028735632183908,
        0.02933435549046211
    ]
}