{
    "2": [
        0.5214615384615384,
        0.047137890187973035
    ],
    "4": [
        0.5072145061728395,
        0.03410925174636955
    ],
    "8": [
        0.4992624223602485,
        0.003954656546994603
    ]
}