{
    "2": [
        0.346319018404908,
        0.12506997635671432
    ],
    "4": [
        0.403416149068323,
        0.1548878501261057
    ],
    "8": [
        0.3370488322717622,
        0.1714154091054481
    ]
}