{
    "2": [
        0.361,
        0.1076984093123991
    ],
    "4": [
        0.39431818181818185,
        0.11406021432729292
    ],
    "8": [
        0.4861111111111111,
        0.16482905079022162
    ]
}