{
    "2": [
        0.5412087912087912,
        0.08258449777339467
    ],
    "4": [
        0.5767657992565056,
        0.08067653811131341
    ],
    "8": [
        0.5655172413793104,
        0.10134996344666236
    ]
}