{
    "2": [
        0.5846625766871165,
        0.15766732263754002
    ],
    "4": [
        0.6519668737060041,
        0.13653843828421844
    ],
    "8": [
        0.6319532908704883,
        0.15727594313652152
    ]
}