{
    "2": [
        0.5740000000000001,
        0.11609433550713018
    ],
    "4": [
        0.6125,
        0.08954569742273913
    ],
    "8": [
        0.7138888888888889,
        0.08459090100485699
    ]
}