{
    "2": [
        0.4987179487179487,
        0.05954375249843561
    ],
    "4": [
        0.5589219330855019,
        0.0721376650670531
    ]
}