{
    "2": [
        0.4987179487179487,
        0.05954375249843561
    ],
    "4": [
        0.5589219330855019,
        0.0721376650670531
    ],
    "8": [
        0.5339080459770115,
        0.07715362416581943
    ]
}