{
    "2": [
        0.657361963190184,
        0.10929242187330455
    ],
    "4": [
        0.6688405797101449,
        0.11213264963504097
    ]
}