{
    "2": [
        0.491840171463564,
        0.055797357111278485
    ],
    "4": [
        0.519435928877989,
        0.04267335962344091
    ]
}