{
    "2": [
        0.456,
        0.07329823721582511
    ],
    "4": [
        0.48409090909090907,
        0.10814482098256092
    ],
    "8": [
        0.6333333333333333,
        0.13833221775543036
    ]
}