{
    "2": [
        0.6155456884183447,
        0.1447058610628633
    ],
    "4": [
        0.6689908960467073,
        0.10254722075797346
    ],
    "8": [
        0.6881018953827882,
        0.12571982313066932
    ]
}