{
    "2": [
        0.6155456884183447,
        0.1447058610628633
    ],
    "4": [
        0.6689908960467073,
        0.10254722075797346
    ]
}