{
    "2": [
        0.5358974358974359,
        0.06692378866877234
    ],
    "4": [
        0.5552044609665427,
        0.07643594483304977
    ],
    "8": [
        0.575287356321839,
        0.0780595822436281
    ]
}