{
    "2": [
        0.6565439672801636,
        0.11711068647219516
    ],
    "4": [
        0.6591097308488613,
        0.09928638634411119
    ],
    "8": [
        0.6528662420382165,
        0.1389363128199216
    ]
}