{
    "2": [
        0.6729838709677419,
        0.08250453000746576
    ],
    "4": [
        0.7346643518518519,
        0.08755554421107599
    ]
}