{
    "2": [
        0.5148805878750765,
        0.060795488431753406
    ],
    "4": [
        0.5069742489270387,
        0.05843434318829222
    ],
    "8": [
        0.4940381069452981,
        0.05262867403193206
    ]
}