{
    "2": [
        0.5148805878750765,
        0.060795488431753406
    ],
    "4": [
        0.5069742489270387,
        0.05843434318829222
    ]
}