{
    "2": [
        0.465,
        0.11749580059685
    ],
    "4": [
        0.5352272727272727,
        0.12149277218382154
    ],
    "8": [
        0.5777777777777777,
        0.13415923544370997
    ]
}