{
    "2": [
        0.689380596645723,
        0.16756872196358208
    ],
    "4": [
        0.7625253574786007,
        0.03777596047712566
    ],
    "8": [
        0.7733458702429851,
        0.02833131182902368
    ]
}