{
    "2": [
        0.5316849816849817,
        0.08884915244785217
    ],
    "4": [
        0.5633828996282528,
        0.06080353630190678
    ]
}