{
    "2": [
        0.6173963133640553,
        0.0733374340927796
    ],
    "4": [
        0.634375,
        0.054659847054714335
    ]
}