{
    "2": [
        0.619120654396728,
        0.17515037241349238
    ],
    "4": [
        0.6650103519668737,
        0.10902149720092105
    ]
}