{
    "2": [
        0.5116044090630741,
        0.07690423903279846
    ],
    "4": [
        0.518531575720417,
        0.05685460901286917
    ],
    "8": [
        0.5191763982790412,
        0.060074194836211195
    ]
}