{
    "2": [
        0.8196428571428571,
        0.044792249626365424
    ],
    "4": [
        0.8430555555555556,
        0.018993660809960494
    ],
    "8": [
        0.8466705607476636,
        0.0312799382866255
    ]
}