{
    "2": [
        0.5033650039588282,
        0.00970348661694607
    ],
    "4": [
        0.5031771247021446,
        0.01158355578818648
    ],
    "8": [
        0.5013189448441246,
        0.014368081694125744
    ]
}