{
    "2": [
        0.5043784445805266,
        0.05662806096196524
    ],
    "4": [
        0.5218577559779276,
        0.04420561919947897
    ],
    "8": [
        0.5030885064535956,
        0.03547377770683292
    ]
}