{
    "2": [
        0.7993087557603686,
        0.05360431158622035
    ],
    "4": [
        0.8515625,
        0.023077606330993386
    ],
    "8": [
        0.8608060747663552,
        0.019453376304852835
    ]
}