{
    "2": [
        0.502019002375297,
        0.009285074627239903
    ],
    "4": [
        0.5034154090548054,
        0.011537888302261396
    ]
}