{
    "2": [
        0.502019002375297,
        0.009285074627239903
    ],
    "4": [
        0.5034154090548054,
        0.011537888302261396
    ],
    "8": [
        0.503357314148681,
        0.010802969316076818
    ]
}