{
    "2": [
        0.337426326129666,
        0.057802345647467876
    ],
    "4": [
        0.3527586206896552,
        0.06070514619343112
    ],
    "8": [
        0.33488602576808724,
        0.03708199194782102
    ]
}