{
    "2": [
        0.5490842490842491,
        0.057179673052630324
    ],
    "4": [
        0.5728624535315985,
        0.06316709501025056
    ],
    "8": [
        0.5775862068965517,
        0.0762024360147788
    ]
}