{
    "2": [
        0.629038854805726,
        0.0906701417115682
    ],
    "4": [
        0.6367494824016563,
        0.10761533953811316
    ],
    "8": [
        0.6651804670912951,
        0.10671014734513988
    ]
}