{
    "2": [
        0.6587307692307692,
        0.07820242799701196
    ],
    "4": [
        0.7039351851851852,
        0.05763412902122213
    ],
    "8": [
        0.733501552795031,
        0.06336883586673578
    ]
}