{
    "2": [
        0.35238212180746564,
        0.07120879907791543
    ],
    "4": [
        0.3656896551724138,
        0.05996241659486536
    ],
    "8": [
        0.3400396432111001,
        0.03874984472257693
    ]
}