{
    "2": [
        0.5142857142857142,
        0.06544384303040966
    ],
    "4": [
        0.5425650557620818,
        0.06331172622008403
    ],
    "8": [
        0.5522988505747126,
        0.07665128715063765
    ]
}