{
    "2": [
        0.7346923076923076,
        0.07233047276607342
    ],
    "4": [
        0.7791280864197531,
        0.03555986860363709
    ],
    "8": [
        0.7862577639751552,
        0.07265158706492231
    ]
}