{
    "2": [
        0.6726993865030675,
        0.10613949014734753
    ],
    "4": [
        0.6743271221532091,
        0.14103187449773336
    ]
}