{
    "2": [
        0.6726993865030675,
        0.10613949014734753
    ],
    "4": [
        0.6743271221532091,
        0.14103187449773336
    ],
    "8": [
        0.6937367303609342,
        0.09814404921121557
    ]
}