{
    "2": [
        0.701,
        0.09743553874498934
    ],
    "4": [
        0.7295454545454546,
        0.08174504971889748
    ],
    "8": [
        0.7722222222222223,
        0.06410781205088752
    ]
}