{
    "2": [
        0.731,
        0.16839231010581132
    ],
    "4": [
        0.813966049382716,
        0.03057849818968538
    ],
    "8": [
        0.8326475155279504,
        0.019600203454759615
    ]
}