{
    "2": [
        0.4783231083844581,
        0.10207476191529449
    ],
    "4": [
        0.5169772256728778,
        0.10090430555674736
    ],
    "8": [
        0.5432059447983014,
        0.0855221955401254
    ]
}