{
    "2": [
        0.5254745866503368,
        0.060627026331570674
    ],
    "4": [
        0.5036020846106684,
        0.0849981769832921
    ],
    "8": [
        0.5245851259987707,
        0.10869726018193615
    ]
}