{
    "2": [
        0.395,
        0.11404062064849847
    ],
    "4": [
        0.42954545454545456,
        0.11795617030161121
    ],
    "8": [
        0.5569444444444445,
        0.10870008395632341
    ]
}