{
    "2": [
        0.6730436869899183,
        0.10286017915235343
    ],
    "4": [
        0.6914692701664533,
        0.06819197585254834
    ],
    "8": [
        0.74534902337496,
        0.028225777067133598
    ]
}