{
    "2": [
        0.36251911509837903,
        0.06786422070634414
    ],
    "4": [
        0.4346679587881261,
        0.07848831334433422
    ],
    "8": [
        0.46900214482688185,
        0.061515184512283536
    ]
}