{
    "2": [
        0.5719059405940594,
        0.14820941973085394
    ],
    "4": [
        0.6547499999999999,
        0.09988447274094629
    ],
    "8": [
        0.6783163265306122,
        0.09538906280486513
    ]
}