{
    "2": [
        0.51996336996337,
        0.07410801928706555
    ],
    "4": [
        0.5189591078066914,
        0.06772912251286739
    ],
    "8": [
        0.5402298850574713,
        0.05647451845683177
    ]
}