{
    "2": [
        0.508665033680343,
        0.05667918491788642
    ],
    "4": [
        0.5284488044144696,
        0.045839220303382354
    ],
    "8": [
        0.5359096496619545,
        0.05021318512037922
    ]
}