{
    "2": [
        0.423,
        0.1082443629260349
    ],
    "4": [
        0.47045454545454546,
        0.08506963092234006
    ],
    "8": [
        0.5555555555555556,
        0.10236006470300758
    ]
}