{
    "2": [
        0.671647463594175,
        0.10961933585196278
    ],
    "4": [
        0.7052036651728553,
        0.07232021903616027
    ],
    "8": [
        0.7471021453730388,
        0.014659383765983757
    ]
}