{
    "2": [
        0.40839025384850647,
        0.06620901291924335
    ],
    "4": [
        0.46674487401815773,
        0.055430525390506136
    ],
    "8": [
        0.4654427535491778,
        0.06525133740579231
    ]
}