{
    "2": [
        0.5829207920792079,
        0.0956790560089004
    ],
    "4": [
        0.6145,
        0.12188108959145386
    ],
    "8": [
        0.6630102040816327,
        0.06522729953793174
    ]
}