{
    "2": [
        0.5247252747252747,
        0.06234331647707856
    ],
    "4": [
        0.5434944237918216,
        0.06402146187538207
    ],
    "8": [
        0.5676245210727969,
        0.045542665033527954
    ]
}