{
    "2": [
        0.5038885486834048,
        0.06366384738062868
    ],
    "4": [
        0.5113580625383201,
        0.04930257601649084
    ],
    "8": [
        0.508420405654579,
        0.047309391859718525
    ]
}