{
    "2": [
        0.485,
        0.1271344087756609
    ],
    "4": [
        0.5340909090909091,
        0.06975848474556617
    ],
    "8": [
        0.6888888888888889,
        0.10180310724420154
    ]
}