{
    "2": [
        0.6482977276364218,
        0.0931937089206269
    ],
    "4": [
        0.7103473111395646,
        0.07142562719219146
    ],
    "8": [
        0.7328690361831572,
        0.0944792391551626
    ]
}