{
    "2": [
        0.6495049504950495,
        0.11411711997365592
    ],
    "4": [
        0.681875,
        0.07265579902236949
    ],
    "8": [
        0.6520408163265307,
        0.13119238356183724
    ]
}