{
    "2": [
        0.5293454990315016,
        0.08060454522448911
    ],
    "4": [
        0.5446955013771294,
        0.09387617758522442
    ],
    "8": [
        0.5460014298845879,
        0.1434143589990375
    ]
}