{
    "2": [
        0.5326007326007326,
        0.0764986870086688
    ],
    "4": [
        0.5663568773234201,
        0.08204432996579888
    ],
    "8": [
        0.5789272030651341,
        0.08786270273156037
    ]
}