{
    "2": [
        0.513426209430496,
        0.0585467395947981
    ],
    "4": [
        0.5038013488657266,
        0.03390893164506186
    ],
    "8": [
        0.5040565457897972,
        0.03233816017209196
    ]
}