{
    "2": [
        0.579,
        0.1233693641063291
    ],
    "4": [
        0.5693181818181818,
        0.09045190061291641
    ],
    "8": [
        0.6611111111111111,
        0.09391838354673268
    ]
}