{
    "2": [
        0.6463234117458794,
        0.10494949335933187
    ],
    "4": [
        0.6988896446862997,
        0.08393059037008929
    ]
}