{
    "2": [
        0.6454512722035526,
        0.10530707507915364
    ],
    "4": [
        0.6989576664532651,
        0.08343976927187229
    ],
    "8": [
        0.7345601184758246,
        0.03670709765719082
    ]
}