{
    "2": [
        0.599009900990099,
        0.12397324401866212
    ],
    "4": [
        0.642375,
        0.09315548335416099
    ],
    "8": [
        0.6457908163265306,
        0.09433249100636773
    ]
}