{
    "2": [
        0.4624375573452951,
        0.07060827034039718
    ],
    "4": [
        0.4890492706314394,
        0.06325875368896085
    ],
    "8": [
        0.5438974568481258,
        0.10778056011726764
    ]
}