{
    "2": [
        0.5465201465201466,
        0.08211907469589325
    ],
    "4": [
        0.5613382899628253,
        0.08339601316041458
    ],
    "8": [
        0.5973180076628353,
        0.0741992484817709
    ]
}