{
    "2": [0.5003663003663004, 0.02860650464658305],
    "4": [0.5, 0.028605344388991292]
}